year,ssp370,ssp245
2010,36133.836059,36133.836059
2011,37266.029260,37266.029260
2012,37953.911873,37953.911873
2013,38762.711029,38762.711029
2014,39630.948054,39630.948054
2015,39152.726298,39152.726298
2020,44808.038224,40647.529897
2030,52847.359317,43476.062552
2040,58497.969828,44252.900031
2050,62904.058622,43462.190043
2060,66568.367615,40196.484829
2070,70041.978567,35235.433732
2080,73405.225921,26838.373446
2090,77799.049421,16324.391562
2100,82725.833121,9682.858794
2110,76856.628100,9677.345137
2120,70987.423078,9671.831480
2130,65118.218057,9666.317823
2140,59249.013036,9660.804166
2150,53379.808014,9655.290509
2160,48041.827213,8689.761458
2170,42703.846411,7724.232407
2180,37365.865610,6758.703356
2190,32027.884809,5793.174305
2200,26689.904007,4827.645254
2210,21351.923206,3862.116204
2220,16013.942404,2896.587153
2230,10675.961603,1931.058102
2240,5337.980801,965.529051
2250,0.000000,0.000000
2260,0.000000,0.000000
2270,0.000000,0.000000
2280,0.000000,0.000000
2290,0.000000,0.000000
2300,0.000000,0.000000
2310,0.000000,0.000000
2320,0.000000,0.000000
2330,0.000000,0.000000
2340,0.000000,0.000000
2350,0.000000,0.000000
2360,0.000000,0.000000
2370,0.000000,0.000000
2380,0.000000,0.000000
2390,0.000000,0.000000
2400,0.000000,0.000000
2410,0.000000,0.000000
2420,0.000000,0.000000
2430,0.000000,0.000000
2440,0.000000,0.000000
2450,0.000000,0.000000
2460,0.000000,0.000000
2470,0.000000,0.000000
2480,0.000000,0.000000
2490,0.000000,0.000000
2500,0.000000,0.000000
